onset	duration	run_number	trial_number	1st_interval_prob	2nd_interval_prob	1st_interval_dir	2nd_interval_dir	1st_interval_resp	1st_interval_rt	2nd_interval_resp	2nd_interval_rt	confidence_resp	confidence_rt
3444.610648	13.2148071	1	1	1	2	2	2	0	0	0	0	0	0
3457.833789	13.1981266	1	2	3	1	1	2	0	0	0	0	0	0
3471.040232	13.1981154	1	3	2	2	1	1	0	0	0	0	0	0
3484.246675	13.1981119	1	4	2	3	2	4	0	0	0	0	0	0
3497.461442	13.1981242	1	5	3	2	3	2	0	0	0	0	0	0
3510.6679	13.1981154	1	6	2	1	4	4	0	0	0	0	0	0
3523.874524	13.1979237	1	7	3	3	3	1	0	0	0	0	0	0
3537.080776	13.1981516	1	8	1	1	2	1	0	0	0	0	0	0
3550.287235	13.1981278	1	9	1	3	2	3	0	0	0	0	0	0
